Ticker,Date/Time,Open,High,Low,Close,Volume,Rel_Vol_21,H_L_Range,ATR,ADX_21,PDI_21,MDI_21,lag_1,lag_2,lag_3,lag_4,lag_5,lag_6
AMC,20.12.2013,19.18,19.79,18.81,19.68,17370752,,0.98,,,,,,,,,,
AMC,27.12.2013,19.79,20.59,19.35,20.14,2086504,,1.24,,,,,2.34,,,,,
AMC,03.01.2014,20.10,20.94,19.78,20.02,1286349,,1.16,,,,,-0.60,1.73,,,,
AMC,10.01.2014,20.05,20.17,19.81,20.04,2815169,,0.36,,,,,0.10,-0.50,1.83,,,
AMC,17.01.2014,19.90,20.49,19.75,20.24,1330934,,0.74,,,,,1.00,1.10,0.50,2.85,,
AMC,24.01.2014,20.40,21.61,20.32,21.37,1510407,,1.29,,,,,5.58,6.64,6.74,6.11,8.59,
AMC,31.01.2014,21.26,22.00,21.02,21.37,1260532,,0.98,,,,,0.00,5.58,6.64,6.74,6.11,8.59
AMC,07.02.2014,21.50,21.50,20.30,21.32,1247302,,1.20,,,,,-0.23,-0.23,5.34,6.39,6.49,5.86
AMC,14.02.2014,21.25,22.45,21.07,22.00,778446,,1.38,,,,,3.19,2.95,2.95,8.70,9.78,9.89
AMC,21.02.2014,22.10,22.64,21.63,22.31,878170,,1.01,,,,,1.41,4.64,4.40,4.40,10.23,11.33
AMC,28.02.2014,22.40,22.94,21.67,22.89,1746380,,1.27,,,,,2.60,4.05,7.36,7.11,7.11,13.09
AMC,07.03.2014,22.97,25.81,22.77,25.47,2784451,,3.04,,,,,11.27,14.16,15.77,19.47,19.19,19.19
AMC,14.03.2014,25.30,26.68,23.02,24.11,3528005,,3.66,,,,,-5.34,5.33,8.07,9.59,13.09,12.82
AMC,21.03.2014,24.17,25.43,22.82,23.06,4060776,,2.61,,,,,-4.36,-9.46,0.74,3.36,4.82,8.16
AMC,28.03.2014,23.00,24.21,22.30,23.90,1590891,,1.91,,,,,3.64,-0.87,-6.16,4.41,7.13,8.64
AMC,04.04.2014,23.99,25.14,22.59,23.02,3730999,,2.55,,,,,-3.68,-0.17,-4.52,-9.62,0.57,3.18
AMC,11.04.2014,23.01,24.18,21.91,23.60,1742129,,2.27,,,,,2.52,-1.26,2.34,-2.12,-7.34,3.10
AMC,17.04.2014,23.88,24.01,21.68,22.30,1127970,,2.33,,,,,-5.51,-3.13,-6.69,-3.30,-7.51,-12.45
AMC,25.04.2014,22.30,23.86,21.95,22.09,1279939,,1.91,,,,,-0.94,-6.40,-4.04,-7.57,-4.21,-8.38
AMC,02.05.2014,22.17,24.58,21.23,23.74,2017895,,3.35,,,,,7.47,6.46,0.59,3.13,-0.67,2.95
AMC,09.05.2014,23.57,23.68,20.99,21.14,1033109,,2.69,,,,,-10.95,-4.30,-5.20,-10.42,-8.17,-11.55
AMC,16.05.2014,21.18,21.78,21.00,21.27,918683,,0.78,1.76,,,,0.61,-10.40,-3.71,-4.62,-9.87,-7.60
AMC,23.05.2014,21.25,22.76,21.19,22.57,675677,,1.57,1.75,,28,7,6.11,6.76,-4.93,2.17,1.21,-4.36
AMC,30.05.2014,23.11,23.47,22.39,22.67,915614,,1.08,1.72,,29,6,0.44,6.58,7.24,-4.51,2.63,1.66
AMC,06.06.2014,22.33,24.27,22.02,24.00,1872050,,2.25,1.75,,30,6,5.87,6.34,12.83,13.53,1.10,8.65
AMC,13.06.2014,23.88,24.63,23.64,24.22,634405,,0.99,1.71,,30,6,0.92,6.84,7.31,13.87,14.57,2.02
AMC,20.06.2014,24.24,24.79,23.68,24.61,955731,,1.11,1.68,,29,6,1.61,2.54,8.56,9.04,15.70,16.41
AMC,27.06.2014,24.65,24.72,24.00,24.61,765021,,0.72,1.64,,29,6,0.00,1.61,2.54,8.56,9.04,15.70
AMC,03.07.2014,24.56,25.00,24.40,24.63,501287,,0.60,1.59,,29,6,0.08,0.08,1.69,2.62,8.65,9.13
AMC,11.07.2014,24.75,24.75,23.01,23.28,637907,,1.74,1.59,,27,9,-5.48,-5.40,-5.40,-3.88,-3.00,2.69
AMC,18.07.2014,23.46,23.62,22.10,22.53,1067912,,1.52,1.59,,26,12,-3.22,-8.53,-8.45,-8.45,-6.98,-6.12
AMC,25.07.2014,22.47,23.06,22.21,23.01,579402,,0.85,1.56,,26,11,2.13,-1.16,-6.58,-6.50,-6.50,-5.00
AMC,01.08.2014,22.98,23.28,22.09,23.00,853814,,1.19,1.54,,25,11,-0.04,2.09,-1.20,-6.62,-6.54,-6.54
AMC,08.08.2014,23.11,23.97,22.69,23.36,703346,,1.28,1.53,,26,11,1.57,1.52,3.68,0.34,-5.16,-5.08
AMC,15.08.2014,23.36,23.64,22.38,23.10,449240,,1.26,1.51,,25,11,-1.11,0.43,0.39,2.53,-0.77,-6.21
AMC,22.08.2014,23.30,23.93,23.04,23.49,525847,,0.89,1.48,,26,11,1.69,0.56,2.13,2.09,4.26,0.90
AMC,29.08.2014,23.66,23.81,23.34,23.67,342887,,0.47,1.44,,25,11,0.77,2.47,1.33,2.91,2.87,5.06
AMC,05.09.2014,23.65,24.62,23.49,24.45,580588,,1.13,1.42,,27,10,3.30,4.09,5.84,4.67,6.30,6.26
AMC,12.09.2014,24.48,25.03,24.02,24.61,1201244,,1.01,1.40,,27,10,0.65,3.97,4.77,6.54,5.35,7.00
AMC,19.09.2014,24.84,25.34,24.28,24.60,674245,,1.06,1.39,,27,9,-0.04,0.61,3.93,4.73,6.49,5.31
AMC,26.09.2014,24.59,24.90,23.02,23.49,609605,,1.88,1.41,,26,13,-4.51,-4.55,-3.93,-0.76,0.00,1.69
AMC,03.10.2014,23.33,23.56,22.45,23.41,890833,,1.11,1.39,,25,15,-0.34,-4.84,-4.88,-4.25,-1.10,-0.34
AMC,10.10.2014,23.42,23.60,21.62,21.76,492830,,1.98,1.42,,23,16,-7.05,-7.36,-11.54,-11.58,-11.00,-8.07
AMC,17.10.2014,21.75,23.30,21.10,22.20,1239741,,2.20,1.46,,21,17,2.02,-5.17,-5.49,-9.76,-9.79,-9.20
AMC,24.10.2014,22.10,23.54,21.70,23.42,693651,,1.84,1.48,44,21,16,5.50,7.63,0.04,-0.30,-4.80,-4.84
AMC,31.10.2014,23.39,25.65,23.17,25.40,1371124,,2.48,1.53,43,26,15,8.45,14.41,16.73,8.50,8.13,3.25
AMC,07.11.2014,25.47,25.80,23.92,25.72,1159205,,1.88,1.54,43,25,14,1.26,9.82,15.86,18.20,9.87,9.49
AMC,14.11.2014,25.70,26.20,25.00,25.52,579080,,1.20,1.53,42,25,13,-0.78,0.47,8.97,14.95,17.28,9.01
AMC,21.11.2014,25.40,25.97,24.97,25.03,965547,,1.00,1.50,41,24,13,-1.92,-2.68,-1.46,6.87,12.75,15.03
AMC,28.11.2014,25.59,26.83,25.29,26.22,1043788,,1.54,1.52,41,26,12,4.75,2.74,1.94,3.23,11.96,18.11
AMC,05.12.2014,26.29,26.79,24.71,25.25,1226972,,2.08,1.54,41,24,13,-3.70,0.88,-1.06,-1.83,-0.59,7.81
AMC,12.12.2014,25.25,25.50,24.45,24.91,762485,0.5,1.05,1.52,40,23,14,-1.35,-5.00,-0.48,-2.39,-3.15,-1.93
AMC,19.12.2014,25.03,26.57,24.19,26.17,1688552,1.3,2.38,1.56,40,25,13,5.06,3.64,-0.19,4.55,2.55,1.75
AMC,26.12.2014,26.06,27.08,26.06,26.39,832310,0.7,1.02,1.53,39,26,12,0.84,5.94,4.51,0.65,5.43,3.41
AMC,02.01.2015,26.40,26.72,24.93,25.63,1268760,1.0,1.79,1.55,39,24,15,-2.88,-2.06,2.89,1.50,-2.25,2.40
AMC,09.01.2015,25.49,26.91,24.27,26.87,1194176,1.0,2.64,1.60,38,22,16,4.84,1.82,2.67,7.87,6.42,2.48
AMC,16.01.2015,26.86,28.08,26.45,27.06,1338301,1.1,1.63,1.60,37,25,15,0.71,5.58,2.54,3.40,8.63,7.17
AMC,23.01.2015,27.20,28.83,26.90,28.30,1374559,1.1,1.93,1.62,36,26,14,4.58,5.32,10.42,7.24,8.14,13.61
AMC,30.01.2015,28.35,28.71,27.20,28.12,787668,0.7,1.51,1.61,36,24,14,-0.64,3.92,4.65,9.72,6.56,7.45
AMC,06.02.2015,28.28,29.60,27.25,29.42,1982548,1.6,2.35,1.65,36,25,13,4.62,3.96,8.72,9.49,14.79,11.48
AMC,13.02.2015,29.75,31.03,29.36,30.62,1366224,1.1,1.67,1.65,36,28,12,4.08,8.89,8.20,13.16,13.96,19.47
AMC,20.02.2015,30.89,32.97,30.13,32.61,3511291,2.8,2.84,1.70,37,31,11,6.50,10.84,15.97,15.23,20.51,21.36
AMC,27.02.2015,32.72,34.70,32.43,34.38,1468547,1.2,2.27,1.73,38,34,10,5.43,12.28,16.86,22.26,21.48,27.05
AMC,06.03.2015,34.57,35.65,33.90,33.96,1935724,1.6,1.75,1.73,38,35,10,-1.22,4.14,10.91,15.43,20.77,20.00
AMC,13.03.2015,34.03,35.34,33.77,34.90,1392272,1.2,1.57,1.72,39,34,10,2.77,1.51,7.02,13.98,18.63,24.11
AMC,20.03.2015,35.23,35.86,34.86,35.68,980650,0.9,1.00,1.69,40,34,10,2.23,5.06,3.78,9.41,16.53,21.28
AMC,27.03.2015,35.70,36.13,34.21,34.95,702530,0.6,1.92,1.70,40,32,11,-2.05,0.14,2.92,1.66,7.18,14.14
AMC,02.04.2015,35.21,35.91,34.18,35.18,886224,0.8,1.73,1.70,41,31,10,0.66,-1.40,0.80,3.59,2.33,7.88
AMC,10.04.2015,35.19,35.65,34.03,34.10,910401,0.9,1.62,1.70,41,29,10,-3.07,-2.43,-4.43,-2.29,0.41,-0.81
AMC,17.04.2015,33.42,34.51,32.06,32.80,1205608,1.1,2.44,1.73,41,27,15,-3.81,-6.77,-6.15,-8.07,-6.02,-3.42
AMC,24.04.2015,32.88,33.91,32.52,32.87,679099,0.6,1.39,1.72,40,26,14,0.21,-3.61,-6.57,-5.95,-7.88,-5.82
AMC,01.05.2015,32.87,33.25,29.28,30.75,2492776,2.4,3.97,1.82,38,24,21,-6.45,-6.25,-9.82,-12.59,-12.02,-13.82
AMC,08.05.2015,30.87,30.87,29.22,29.66,1349845,1.3,1.65,1.82,37,23,21,-3.54,-9.77,-9.57,-13.02,-15.69,-15.14
AMC,15.05.2015,29.66,30.32,28.57,29.11,1189915,1.1,1.75,1.81,35,22,21,-1.85,-5.33,-11.44,-11.25,-14.63,-17.25
AMC,22.05.2015,29.04,30.07,29.00,29.60,836171,0.8,1.07,1.78,33,21,21,1.68,-0.20,-3.74,-9.95,-9.76,-13.20
AMC,29.05.2015,29.59,29.75,28.58,28.91,776856,0.7,1.17,1.75,32,20,21,-2.33,-0.69,-2.53,-5.98,-12.05,-11.86
AMC,05.06.2015,28.68,28.92,27.09,28.83,1887058,1.8,1.83,1.75,31,19,24,-0.28,-2.60,-0.96,-2.80,-6.24,-12.29
AMC,12.06.2015,28.75,28.86,27.95,28.47,1001295,0.9,0.91,1.71,30,19,24,-1.25,-1.52,-3.82,-2.20,-4.01,-7.41
AMC,19.06.2015,28.22,30.29,27.90,30.10,1843189,1.7,2.39,1.75,29,21,22,5.73,4.41,4.12,1.69,3.40,1.48
AMC,26.06.2015,30.23,31.79,29.56,31.64,1287128,1.2,2.23,1.77,28,24,21,5.12,11.13,9.75,9.44,6.89,8.69
AMC,02.07.2015,31.81,31.82,30.19,30.78,1115488,1.0,1.63,1.76,27,23,20,-2.72,2.26,8.11,6.76,6.47,3.99
AMC,10.07.2015,30.49,31.41,30.05,31.35,840860,0.8,1.36,1.74,26,22,20,1.85,-0.92,4.15,10.12,8.74,8.44
AMC,17.07.2015,31.51,32.87,31.51,32.82,1025002,0.9,1.36,1.73,25,25,19,4.69,6.63,3.73,9.04,15.28,13.84
AMC,24.07.2015,32.81,32.99,30.80,31.05,1282337,1.1,2.19,1.75,25,24,20,-5.39,-0.96,0.88,-1.86,3.16,9.06
AMC,31.07.2015,30.55,32.35,29.16,32.25,2451451,2.1,3.19,1.82,23,22,22,3.86,-1.74,2.87,4.78,1.93,7.14
AMC,07.08.2015,32.42,32.45,28.87,29.59,1452954,1.2,3.58,1.91,22,20,21,-8.25,-4.70,-9.84,-5.61,-3.87,-6.48
AMC,14.08.2015,29.79,29.89,27.72,29.46,1708736,1.4,2.17,1.92,22,19,23,-0.44,-8.65,-5.12,-10.24,-6.03,-4.29
AMC,21.08.2015,29.28,31.20,28.70,29.27,2293686,1.9,2.50,1.95,21,21,21,-0.64,-1.08,-9.24,-5.73,-10.82,-6.63
AMC,28.08.2015,27.60,29.37,26.91,29.01,1572163,1.2,2.47,1.97,20,20,24,-0.89,-1.53,-1.96,-10.05,-6.57,-11.61
AMC,04.09.2015,28.96,29.28,26.99,27.71,1106584,0.9,2.30,1.99,20,19,23,-4.48,-5.33,-5.94,-6.35,-14.08,-10.76
AMC,11.09.2015,28.41,28.55,26.43,26.93,649905,0.5,2.12,1.99,20,18,23,-2.81,-7.17,-7.99,-8.59,-8.99,-16.50
AMC,18.09.2015,26.93,28.04,26.67,27.99,679123,0.5,1.37,1.96,19,17,22,3.94,1.01,-3.52,-4.37,-4.99,-5.41
AMC,25.09.2015,28.14,28.29,25.02,25.49,1027859,0.8,3.27,2.03,19,16,25,-8.93,-5.35,-8.01,-12.13,-12.91,-13.48
AMC,02.10.2015,25.46,25.46,23.96,25.21,943369,0.7,1.50,2.00,20,15,26,-1.10,-9.93,-6.39,-9.02,-13.10,-13.87
AMC,09.10.2015,25.29,27.73,25.09,27.21,1133693,0.9,2.64,2.03,19,20,25,7.93,6.75,-2.79,1.04,-1.80,-6.20
AMC,16.10.2015,27.27,28.17,26.11,26.82,1075136,0.8,2.06,2.03,19,20,23,-1.43,6.39,5.22,-4.18,-0.41,-3.21
AMC,23.10.2015,26.66,27.32,25.20,26.68,858553,0.7,2.12,2.04,19,19,24,-0.52,-1.95,5.83,4.67,-4.68,-0.93
AMC,30.10.2015,26.76,27.80,25.65,27.37,977506,0.8,2.15,2.04,18,19,23,2.59,2.05,0.59,8.57,7.38,-2.22
AMC,06.11.2015,27.44,27.71,24.69,27.08,2265370,1.8,3.02,2.09,18,18,24,-1.06,1.50,0.97,-0.48,7.42,6.24
AMC,13.11.2015,27.00,27.53,26.09,26.26,814213,0.6,1.44,2.06,18,17,23,-3.03,-4.06,-1.57,-2.09,-3.49,4.17
AMC,20.11.2015,26.19,26.49,25.36,25.55,851401,0.7,1.13,2.01,18,17,24,-2.70,-5.65,-6.65,-4.24,-4.74,-6.10
AMC,27.11.2015,25.66,25.71,24.63,25.05,716036,0.6,1.08,1.97,18,16,25,-1.96,-4.61,-7.50,-8.48,-6.11,-6.60
AMC,04.12.2015,24.94,25.81,23.69,23.74,964488,0.8,2.12,1.98,18,15,26,-5.23,-7.08,-9.60,-12.33,-13.26,-11.02
AMC,11.12.2015,23.42,23.90,22.38,23.08,1363784,1.1,1.52,1.96,19,15,28,-2.78,-7.86,-9.67,-12.11,-14.77,-15.67
AMC,18.12.2015,23.09,25.87,22.41,24.78,1745425,1.3,3.46,2.03,19,18,26,7.37,4.38,-1.08,-3.01,-5.64,-8.49
AMC,24.12.2015,24.93,24.98,23.15,23.25,998543,0.8,1.83,2.02,19,17,25,-6.17,0.74,-2.06,-7.19,-9.00,-11.46
AMC,31.12.2015,23.00,24.20,22.76,24.00,1186549,0.9,1.44,1.99,19,17,25,3.23,-3.15,3.99,1.10,-4.19,-6.07
AMC,08.01.2016,23.67,23.86,22.30,22.38,2113244,1.6,1.56,1.98,19,16,25,-6.75,-3.74,-9.69,-3.03,-5.73,-10.66
AMC,15.01.2016,22.45,22.84,20.48,20.95,1938135,1.5,2.36,1.99,20,15,28,-6.39,-12.71,-9.89,-15.46,-9.23,-11.75
AMC,22.01.2016,21.13,21.47,19.66,20.20,776827,0.6,1.81,1.99,20,15,29,-3.58,-9.74,-15.83,-13.12,-18.48,-12.48
AMC,29.01.2016,20.20,21.85,19.86,21.80,1046120,0.8,1.99,1.99,21,15,27,7.92,4.06,-2.59,-9.17,-6.24,-12.03
AMC,05.02.2016,21.66,21.98,20.04,20.27,1192281,0.9,1.94,1.98,21,14,26,-7.02,0.35,-3.25,-9.43,-15.54,-12.82
AMC,12.02.2016,20.06,20.94,19.28,20.46,1257775,1.0,1.66,1.97,22,14,27,0.94,-6.15,1.29,-2.34,-8.58,-14.75
AMC,19.02.2016,20.65,23.01,20.65,21.87,919295,0.7,2.36,2.00,21,18,25,6.89,7.89,0.32,8.27,4.39,-2.28
AMC,26.02.2016,22.02,23.46,21.50,23.30,989866,0.8,1.96,1.99,21,18,24,6.54,13.88,14.95,6.88,15.35,11.22
AMC,04.03.2016,24.68,27.24,22.20,27.02,2791864,2.2,5.04,2.14,20,24,21,15.97,23.55,32.06,33.30,23.94,33.76
AMC,11.03.2016,26.99,29.72,26.84,29.54,1770315,1.4,2.88,2.17,20,28,20,9.33,26.78,35.07,44.38,45.73,35.50
AMC,18.03.2016,29.43,29.92,28.72,29.41,1867651,1.5,1.20,2.13,20,28,20,-0.44,8.85,26.22,34.48,43.74,45.09
AMC,24.03.2016,29.32,29.50,27.28,28.06,984993,0.8,2.22,2.13,20,27,22,-4.59,-5.01,3.85,20.43,28.30,37.15
AMC,01.04.2016,28.32,29.05,27.57,28.64,1184218,0.9,1.48,2.10,19,26,21,2.07,-2.62,-3.05,6.00,22.92,30.96
AMC,08.04.2016,28.68,28.71,27.00,27.36,769534,0.6,1.71,2.08,19,25,22,-4.47,-2.49,-6.97,-7.38,1.26,17.42
AMC,15.04.2016,27.61,28.33,26.87,27.57,822084,0.6,1.46,2.05,18,24,21,0.77,-3.74,-1.75,-6.26,-6.67,2.04
AMC,22.04.2016,27.40,28.61,27.10,27.46,781964,0.6,1.51,2.03,18,24,20,-0.40,0.37,-4.12,-2.14,-6.63,-7.04
AMC,29.04.2016,27.06,29.50,26.08,28.18,1907874,1.5,3.42,2.09,17,22,21,2.62,2.21,3.00,-1.61,0.43,-4.18
AMC,06.05.2016,28.19,29.68,27.66,29.15,1182190,0.9,2.02,2.09,16,21,20,3.44,6.15,5.73,6.54,1.78,3.88
AMC,13.05.2016,29.15,30.31,28.70,29.31,915277,0.7,1.61,2.07,16,22,19,0.55,4.01,6.74,6.31,7.13,2.34
AMC,20.05.2016,29.31,29.54,27.84,28.23,1020793,0.8,1.70,2.05,15,21,21,-3.68,-3.16,0.18,2.80,2.39,3.18
AMC,27.05.2016,28.19,29.16,28.00,29.12,791009,0.6,1.16,2.01,14,21,20,3.15,-0.65,-0.10,3.34,6.05,5.62
AMC,03.06.2016,29.21,29.28,28.14,28.58,760162,0.6,1.15,1.97,14,20,19,-1.85,1.24,-2.49,-1.96,1.42,4.08
AMC,10.06.2016,28.69,28.70,26.82,26.94,795325,0.6,1.88,1.96,13,19,22,-5.74,-7.49,-4.57,-8.09,-7.58,-4.40
AMC,17.06.2016,27.16,27.78,26.33,27.05,932543,0.8,1.45,1.94,13,19,22,0.41,-5.35,-7.11,-4.18,-7.71,-7.20
AMC,24.06.2016,27.48,27.72,26.25,26.94,682004,0.6,1.47,1.92,13,18,22,-0.41,0.00,-5.74,-7.49,-4.57,-8.09
AMC,01.07.2016,26.59,28.26,25.75,28.19,1092388,0.9,2.51,1.94,13,18,20,4.64,4.21,4.64,-1.36,-3.19,-0.14
AMC,08.07.2016,28.00,28.00,26.97,27.59,402445,0.3,1.03,1.91,12,18,20,-2.13,2.41,2.00,2.41,-3.46,-5.25
AMC,15.07.2016,27.57,31.42,27.53,30.63,1523614,1.3,3.89,2.00,12,24,18,11.02,8.66,13.70,13.23,13.70,7.17
AMC,22.07.2016,30.60,30.68,29.82,30.60,1065638,0.9,0.86,1.95,13,24,17,-0.10,10.91,8.55,13.59,13.12,13.59
AMC,29.07.2016,30.51,30.51,28.59,29.42,2378730,2.0,1.92,1.95,12,22,20,-3.86,-3.95,6.63,4.36,9.21,8.76
AMC,05.08.2016,27.50,29.27,27.36,29.03,2613150,2.1,1.91,1.96,12,21,22,-1.33,-5.13,-5.22,5.22,2.98,7.76
AMC,12.08.2016,29.00,29.81,28.51,29.80,1764652,1.4,1.30,1.93,11,22,21,2.65,1.29,-2.61,-2.71,8.01,5.71
AMC,19.08.2016,29.88,30.28,29.48,29.91,1348279,1.1,0.80,1.87,11,23,21,0.37,3.03,1.67,-2.25,-2.35,8.41
AMC,26.08.2016,29.05,30.38,29.05,29.63,990120,0.8,1.33,1.85,11,22,21,-0.94,-0.57,2.07,0.71,-3.17,-3.26
AMC,02.09.2016,29.71,30.70,29.50,30.50,889025,0.7,1.20,1.82,10,22,20,2.94,1.97,2.35,5.06,3.67,-0.33
AMC,09.09.2016,30.49,31.26,30.18,30.30,893818,0.7,1.08,1.78,10,23,20,-0.66,2.26,1.30,1.68,4.37,2.99
AMC,16.09.2016,30.13,31.96,30.06,31.91,1235303,1.0,1.90,1.79,10,24,19,5.31,4.62,7.69,6.69,7.08,9.92
AMC,23.09.2016,32.00,32.28,31.25,31.33,1079941,0.9,1.03,1.75,10,24,18,-1.82,3.40,2.72,5.74,4.75,5.13
AMC,30.09.2016,31.07,31.54,30.57,31.09,1079469,0.9,0.97,1.71,10,23,20,-0.77,-2.57,2.61,1.93,4.93,3.95
AMC,07.10.2016,31.85,32.83,31.11,32.24,1201694,1.0,1.72,1.71,11,26,19,3.70,2.90,1.03,6.40,5.70,8.81
AMC,14.10.2016,32.10,32.70,31.30,31.75,973159,0.8,1.40,1.70,11,25,18,-1.52,2.12,1.34,-0.50,4.79,4.10
AMC,21.10.2016,31.60,32.00,31.30,31.80,748306,0.6,0.70,1.65,11,24,18,0.16,-1.36,2.28,1.50,-0.34,4.95
AMC,28.10.2016,32.20,32.25,31.05,31.35,1090915,0.9,1.20,1.63,11,23,17,-1.42,-1.26,-2.76,0.84,0.06,-1.75
AMC,04.11.2016,31.25,31.80,30.40,31.30,1143632,1.0,1.40,1.62,11,22,18,-0.16,-1.57,-1.42,-2.92,0.68,-0.10
AMC,11.11.2016,31.55,34.70,31.30,34.50,1998704,1.6,3.40,1.70,12,28,16,10.22,10.05,8.49,8.66,7.01,10.97
AMC,18.11.2016,34.85,35.65,34.15,35.05,1915931,1.5,1.50,1.69,13,30,16,1.59,11.98,11.80,10.22,10.39,8.72
AMC,25.11.2016,35.20,35.35,34.55,34.95,1020181,0.8,0.80,1.65,14,29,15,-0.29,1.30,11.66,11.48,9.91,10.08
AMC,02.12.2016,35.00,35.08,31.95,32.25,1986200,1.6,3.13,1.72,14,27,21,-7.73,-7.99,-6.52,3.04,2.87,1.42
AMC,09.12.2016,32.50,34.10,31.90,32.60,2901812,2.2,2.20,1.74,14,25,20,1.09,-6.72,-6.99,-5.51,4.15,3.99
AMC,16.12.2016,32.40,32.70,31.50,31.90,2279558,1.7,1.20,1.72,13,24,21,-2.15,-1.09,-8.73,-8.99,-7.54,1.92
AMC,23.12.2016,32.20,35.30,31.90,35.30,3418550,2.5,3.40,1.80,14,29,19,10.66,8.28,9.46,1.00,0.71,2.32
AMC,30.12.2016,35.45,35.50,33.60,33.65,1800158,1.3,1.90,1.80,14,28,18,-4.67,5.49,3.22,4.34,-3.72,-3.99
AMC,06.01.2017,34.05,34.80,33.50,33.80,2094438,1.5,1.30,1.78,14,27,17,0.45,-4.25,5.96,3.68,4.81,-3.29
AMC,13.01.2017,33.65,34.50,33.25,34.25,1702700,1.3,1.25,1.75,15,26,17,1.33,1.78,-2.97,7.37,5.06,6.20
AMC,20.01.2017,34.15,34.40,33.30,34.30,968065,0.7,1.10,1.72,15,25,17,0.15,1.48,1.93,-2.83,7.52,5.21
AMC,27.01.2017,34.35,34.90,33.70,34.00,1775047,1.3,1.20,1.70,15,26,16,-0.87,-0.73,0.59,1.04,-3.68,6.58
AMC,03.02.2017,34.65,34.65,32.70,32.90,2407013,1.7,1.95,1.71,15,24,18,-3.24,-4.08,-3.94,-2.66,-2.23,-6.80
AMC,10.02.2017,32.70,32.95,30.80,31.35,18764272,10.8,2.15,1.73,15,23,22,-4.71,-7.79,-8.60,-8.47,-7.25,-6.84
AMC,17.02.2017,31.40,31.55,31.00,31.20,5918807,3.2,0.55,1.68,14,23,22,-0.48,-5.17,-8.24,-9.04,-8.91,-7.69
AMC,24.02.2017,31.25,31.45,30.45,31.40,5153615,2.7,1.00,1.64,13,22,23,0.64,0.16,-4.56,-7.65,-8.45,-8.32
AMC,03.03.2017,31.25,31.55,29.10,29.40,14059850,6.6,2.45,1.68,13,20,25,-6.37,-5.77,-6.22,-10.64,-13.53,-14.29
AMC,10.03.2017,29.40,30.20,29.20,30.15,6015871,2.7,1.00,1.65,13,20,25,2.55,-3.98,-3.37,-3.83,-8.36,-11.32
AMC,17.03.2017,30.00,30.83,29.55,30.60,7447100,3.2,1.28,1.63,13,21,24,1.49,4.08,-2.55,-1.92,-2.39,-6.99
AMC,24.03.2017,30.55,31.15,29.95,30.85,5193830,2.2,1.20,1.61,12,21,23,0.82,2.32,4.93,-1.75,-1.12,-1.59
AMC,31.03.2017,30.35,31.60,30.25,31.45,7536829,3.0,1.35,1.60,12,22,22,1.94,2.78,4.31,6.97,0.16,0.80
AMC,07.04.2017,31.85,32.10,30.25,30.35,7547721,2.8,1.85,1.61,11,22,21,-3.50,-1.62,-0.82,0.66,3.23,-3.34
AMC,13.04.2017,30.55,30.85,29.95,30.20,3714522,1.4,0.90,1.58,11,21,21,-0.49,-3.97,-2.11,-1.31,0.17,2.72
AMC,21.04.2017,30.45,31.45,30.20,30.90,4886642,1.8,1.25,1.56,11,22,20,2.32,1.81,-1.75,0.16,0.98,2.49
AMC,28.04.2017,31.20,31.40,30.00,30.30,5499609,1.9,1.40,1.55,10,21,20,-1.94,0.33,-0.16,-3.66,-1.78,-0.98
AMC,05.05.2017,30.45,30.55,29.00,29.10,5708205,1.9,1.55,1.55,10,20,22,-3.96,-5.83,-3.64,-4.12,-7.47,-5.67
AMC,12.05.2017,29.30,30.10,26.70,26.90,11206803,3.6,3.40,1.64,10,18,27,-7.56,-11.22,-12.94,-10.93,-11.37,-14.47
AMC,19.05.2017,27.00,27.00,24.30,25.30,10632219,3.2,2.70,1.69,11,17,31,-5.95,-13.06,-16.50,-18.12,-16.23,-16.64
AMC,26.05.2017,25.30,25.60,23.13,24.70,12579970,3.5,2.48,1.73,12,16,32,-2.37,-8.18,-15.12,-18.48,-20.06,-18.21
AMC,02.06.2017,24.50,24.85,22.35,24.80,12891408,3.4,2.50,1.77,14,15,32,0.40,-1.98,-7.81,-14.78,-18.15,-19.74
AMC,09.06.2017,24.65,25.58,23.20,23.30,13504194,3.3,2.38,1.79,14,16,30,-6.05,-5.67,-7.91,-13.38,-19.93,-23.10
AMC,16.06.2017,23.40,24.70,23.20,24.65,7090134,1.7,1.50,1.78,15,15,29,5.79,-0.60,-0.20,-2.57,-8.36,-15.29
AMC,23.06.2017,24.70,25.05,22.15,23.60,11842702,2.7,2.90,1.83,16,14,30,-4.26,1.29,-4.84,-4.45,-6.72,-12.27
AMC,30.06.2017,23.50,24.20,22.65,22.75,7363008,1.6,1.55,1.82,17,13,28,-3.60,-7.71,-2.36,-8.27,-7.89,-10.08
AMC,07.07.2017,22.90,23.60,21.25,21.95,6258810,1.4,2.35,1.85,18,13,30,-3.52,-6.99,-10.95,-5.79,-11.49,-11.13
AMC,14.07.2017,21.85,22.40,21.25,21.90,5819469,1.2,1.15,1.81,19,12,29,-0.23,-3.74,-7.20,-11.16,-6.01,-11.69
AMC,21.07.2017,21.25,21.25,19.65,20.35,17332766,3.5,1.60,1.83,21,12,32,-7.08,-7.29,-10.55,-13.77,-17.44,-12.66
AMC,28.07.2017,20.40,21.20,20.25,20.50,7797811,1.5,0.95,1.79,22,11,31,0.74,-6.39,-6.61,-9.89,-13.14,-16.84
AMC,04.08.2017,20.60,20.90,14.80,16.25,32890004,5.8,6.10,2.00,24,10,39,-20.73,-20.15,-25.80,-25.97,-28.57,-31.14
AMC,11.08.2017,16.20,16.45,13.65,14.05,14918093,2.5,2.80,2.03,26,9,40,-13.54,-31.46,-30.96,-35.84,-35.99,-38.24
AMC,18.08.2017,14.30,14.45,12.05,13.00,19820306,3.2,2.40,2.05,28,8,41,-7.47,-20.00,-36.59,-36.12,-40.64,-40.77
AMC,25.08.2017,13.00,13.45,12.40,12.90,13834258,2.1,1.05,2.00,29,8,40,-0.77,-8.19,-20.62,-37.07,-36.61,-41.10
AMC,01.09.2017,13.05,14.35,12.45,14.15,15323726,2.2,1.90,2.00,31,10,38,9.69,8.85,0.71,-12.92,-30.98,-30.47
AMC,08.09.2017,14.20,14.60,13.05,13.35,18394346,2.6,1.55,1.98,32,10,37,-5.65,3.49,2.69,-4.98,-17.85,-34.88
AMC,15.09.2017,13.55,17.13,13.50,16.95,22265176,2.9,3.63,2.06,32,15,34,26.97,19.79,31.40,30.38,20.64,4.31
AMC,22.09.2017,17.20,17.65,15.10,15.90,15266378,2.0,2.55,2.09,32,15,32,-6.19,19.10,12.37,23.26,22.31,13.17
AMC,29.09.2017,15.75,16.15,14.25,14.70,15116813,1.9,1.90,2.08,33,15,32,-7.55,-13.27,10.11,3.89,13.95,13.08
AMC,06.10.2017,15.00,16.50,14.45,15.20,11397037,1.4,2.05,2.08,33,15,31,3.40,-4.40,-10.32,13.86,7.42,17.83
AMC,13.10.2017,15.20,15.20,13.35,13.75,15853584,1.8,1.85,2.07,33,14,32,-9.54,-6.46,-13.52,-18.88,3.00,-2.83
AMC,20.10.2017,13.70,14.55,13.50,14.00,9450748,1.1,1.05,2.02,33,14,31,1.82,-7.89,-4.76,-11.95,-17.40,4.87
AMC,27.10.2017,14.00,14.95,13.95,14.75,8236544,0.9,1.00,1.97,33,15,30,5.36,7.27,-2.96,0.34,-7.23,-12.98
AMC,03.11.2017,14.70,14.85,11.80,11.90,19442168,2.1,3.05,2.02,34,14,33,-19.32,-15.00,-13.45,-21.71,-19.05,-25.16
AMC,10.11.2017,12.05,12.90,10.90,11.00,28154844,2.9,2.00,2.02,34,13,34,-7.56,-25.42,-21.43,-20.00,-27.63,-25.17
AMC,17.11.2017,11.15,13.15,10.80,12.95,16482961,1.6,2.35,2.04,35,13,32,17.73,8.82,-12.20,-7.50,-5.82,-14.80
AMC,24.11.2017,12.80,14.05,12.30,13.85,7909154,0.8,1.75,2.02,35,14,31,6.95,25.91,16.39,-6.10,-1.07,0.73
AMC,01.12.2017,14.00,16.40,13.64,14.00,23318284,2.2,2.76,2.06,34,19,29,1.08,8.11,27.27,17.65,-5.08,0.00
AMC,08.12.2017,14.15,15.00,14.05,14.65,13045311,1.2,0.95,2.01,33,18,28,4.64,5.78,13.13,33.18,23.11,-0.68
AMC,15.12.2017,14.60,16.00,14.60,15.10,15933178,1.4,1.40,1.98,33,20,27,3.07,7.86,9.03,16.60,37.27,26.89
AMC,22.12.2017,15.10,15.60,14.35,14.90,12939623,1.2,1.25,1.94,32,20,27,-1.32,1.71,6.43,7.58,15.06,35.45
AMC,29.12.2017,14.80,15.43,14.00,15.10,10681212,0.9,1.43,1.92,31,19,27,1.34,0.00,3.07,7.86,9.03,16.60
AMC,05.01.2018,15.20,15.65,14.05,14.10,8038931,0.7,1.60,1.90,30,19,26,-6.62,-5.37,-6.62,-3.75,0.71,1.81
AMC,12.01.2018,14.30,14.70,13.55,14.45,13840653,1.2,1.15,1.87,30,18,26,2.48,-4.30,-3.02,-4.30,-1.37,3.21
AMC,19.01.2018,14.50,14.60,13.10,13.20,6569484,0.6,1.50,1.85,29,17,26,-8.65,-6.38,-12.58,-11.41,-12.58,-9.90
AMC,26.01.2018,13.25,13.70,12.40,12.85,10191845,0.9,1.30,1.82,29,17,27,-2.65,-11.07,-8.87,-14.90,-13.76,-14.90
AMC,02.02.2018,12.80,14.23,12.50,13.95,10598453,0.9,1.73,1.82,29,17,26,8.56,5.68,-3.46,-1.06,-7.62,-6.38
AMC,09.02.2018,13.80,14.40,12.80,13.45,9948118,0.8,1.60,1.81,28,17,25,-3.58,4.67,1.89,-6.92,-4.61,-10.93
AMC,16.02.2018,13.65,14.90,13.40,14.40,9149094,0.8,1.50,1.79,27,18,24,7.06,3.23,12.06,9.09,-0.35,2.13
AMC,23.02.2018,14.65,15.00,14.25,14.85,6456904,0.5,0.75,1.74,27,18,23,3.13,10.41,6.45,15.56,12.50,2.77
AMC,02.03.2018,14.85,16.00,14.50,15.75,16596585,1.4,1.50,1.73,26,20,23,6.06,9.38,17.10,12.90,22.57,19.32
AMC,09.03.2018,15.80,16.08,15.25,15.70,7911712,0.7,0.83,1.69,25,20,22,-0.32,5.72,9.03,16.73,12.54,22.18
AMC,16.03.2018,15.70,15.85,14.00,14.20,7814779,0.6,1.85,1.70,24,19,24,-9.55,-9.84,-4.38,-1.39,5.58,1.79
AMC,23.03.2018,14.20,14.60,13.57,13.90,7030809,0.6,1.03,1.66,24,18,25,-2.11,-11.46,-11.75,-6.40,-3.47,3.35
AMC,29.03.2018,14.10,14.25,13.45,14.05,5059917,0.4,0.80,1.62,24,18,25,1.08,-1.06,-10.51,-10.79,-5.39,-2.43
AMC,06.04.2018,13.95,16.80,13.95,16.45,12381929,1.0,2.85,1.68,23,23,23,17.08,18.35,15.85,4.78,4.44,10.77
AMC,13.04.2018,16.60,17.00,16.30,16.95,5967028,0.5,0.70,1.64,22,23,22,3.04,20.64,21.94,19.37,7.96,7.62
AMC,20.04.2018,17.15,17.95,16.75,17.00,8563068,0.7,1.20,1.61,21,25,21,0.29,3.34,21.00,22.30,19.72,8.28
AMC,27.04.2018,17.00,17.60,16.80,17.20,5478400,0.4,0.80,1.58,20,25,21,1.18,1.47,4.56,22.42,23.74,21.13
AMC,04.05.2018,17.25,17.59,16.15,16.30,7083475,0.6,1.44,1.57,20,24,22,-5.23,-4.12,-3.83,-0.91,16.01,17.27
AMC,11.05.2018,16.45,17.60,15.90,16.30,12367008,1.0,1.70,1.58,19,23,22,0.00,-5.23,-4.12,-3.83,-0.91,16.01
AMC,18.05.2018,16.35,17.00,15.95,16.10,5007471,0.4,1.05,1.55,18,22,21,-1.23,-1.23,-6.40,-5.29,-5.01,-2.13
AMC,25.05.2018,16.10,16.25,14.90,15.05,8238787,0.7,1.35,1.54,17,21,23,-6.52,-7.67,-7.67,-12.50,-11.47,-11.21
AMC,01.06.2018,15.00,15.00,14.35,14.80,5608602,0.5,0.65,1.50,17,20,24,-1.66,-8.07,-9.20,-9.20,-13.95,-12.94
AMC,08.06.2018,14.75,14.98,14.24,14.45,6758346,0.6,0.73,1.46,17,20,24,-2.36,-3.99,-10.25,-11.35,-11.35,-15.99
AMC,15.06.2018,14.45,15.95,14.45,15.60,6979993,0.6,1.50,1.47,16,22,23,7.96,5.41,3.65,-3.11,-4.29,-4.29
AMC,22.06.2018,15.55,17.55,15.50,16.60,8694522,0.7,2.05,1.49,16,26,22,6.41,14.88,12.16,10.30,3.11,1.84
AMC,29.06.2018,16.60,16.70,15.50,15.90,7059564,0.6,1.20,1.48,15,25,21,-4.22,1.92,10.03,7.43,5.65,-1.24
AMC,06.07.2018,15.85,17.45,15.55,17.30,5241313,0.4,1.90,1.50,15,26,19,8.81,4.22,10.90,19.72,16.89,14.95
AMC,13.07.2018,17.35,17.85,16.52,17.05,7453000,0.6,1.33,1.49,15,26,19,-1.45,7.23,2.71,9.29,17.99,15.20
AMC,20.07.2018,17.15,17.20,15.75,15.95,6675471,0.6,1.45,1.49,15,25,20,-6.45,-7.80,0.31,-3.92,2.24,10.38
AMC,27.07.2018,15.85,16.00,15.20,15.70,7871594,0.7,0.80,1.46,15,24,22,-1.57,-7.92,-9.25,-1.26,-5.42,0.64
AMC,03.08.2018,15.55,17.50,15.25,17.15,15407183,1.4,2.25,1.49,15,27,20,9.24,7.52,0.59,-0.87,7.86,3.31
AMC,10.08.2018,17.15,18.35,16.55,17.45,13157833,1.2,1.80,1.51,15,28,19,1.75,11.15,9.40,2.35,0.87,9.75
AMC,17.08.2018,17.35,18.80,17.20,18.35,11222031,1.0,1.60,1.51,15,28,18,5.16,7.00,16.88,15.05,7.62,6.07
AMC,24.08.2018,18.45,19.55,18.10,19.15,7246842,0.7,1.45,1.51,16,29,17,4.36,9.74,11.66,21.97,20.06,12.32
AMC,31.08.2018,19.15,19.25,18.50,19.05,5641833,0.5,0.75,1.47,16,29,17,-0.52,3.81,9.17,11.08,21.34,19.44
AMC,07.09.2018,19.05,20.45,18.67,19.90,10356523,1.0,1.78,1.49,17,31,16,4.46,3.92,8.45,14.04,16.03,26.75
AMC,14.09.2018,19.95,21.30,19.45,19.80,9956688,1.0,1.85,1.51,18,32,15,-0.50,3.94,3.39,7.90,13.47,15.45
AMC,21.09.2018,19.75,21.45,19.15,21.35,11291123,1.1,2.30,1.54,19,29,15,7.83,7.29,12.07,11.49,16.35,22.35
AMC,28.09.2018,19.90,20.70,19.45,20.50,9414657,0.9,1.25,1.56,19,28,14,-3.98,3.54,3.02,7.61,7.05,11.72
AMC,05.10.2018,20.54,20.60,19.48,19.70,8930277,0.9,1.12,1.54,20,27,13,-3.90,-7.73,-0.51,-1.01,3.41,2.87
AMC,12.10.2018,19.53,19.93,18.40,18.86,7911616,0.8,1.53,1.54,20,25,16,-4.26,-8.00,-11.66,-4.75,-5.23,-1.00
AMC,19.10.2018,18.84,20.36,18.63,19.81,8841832,0.9,1.73,1.55,20,25,15,5.04,0.56,-3.37,-7.21,0.05,-0.45
AMC,26.10.2018,19.92,20.26,17.42,17.83,11584388,1.1,2.84,1.61,20,23,18,-9.99,-5.46,-9.49,-13.02,-16.49,-9.95
AMC,02.11.2018,18.07,19.88,18.06,19.00,7249432,0.7,1.82,1.63,20,22,16,6.56,-4.09,0.74,-3.55,-7.32,-11.01
AMC,09.11.2018,19.08,19.24,14.97,15.66,15301682,1.6,4.26,1.76,19,19,23,-17.58,-12.17,-20.95,-16.97,-20.51,-23.61
AMC,16.11.2018,15.71,15.90,13.99,14.05,10858801,1.1,1.91,1.76,19,18,24,-10.28,-26.05,-21.20,-29.08,-25.50,-28.68
AMC,23.11.2018,14.05,14.30,13.04,13.88,8542498,0.9,1.26,1.74,19,18,26,-1.21,-11.37,-26.95,-22.15,-29.93,-26.41
AMC,30.11.2018,14.00,14.25,13.40,13.65,7423960,0.8,0.85,1.70,19,17,26,-1.66,-2.85,-12.84,-28.16,-23.44,-31.10
AMC,07.12.2018,13.85,14.69,13.60,14.27,6097949,0.7,1.09,1.67,19,18,25,4.54,2.81,1.57,-8.88,-24.89,-19.97
AMC,14.12.2018,14.24,15.44,13.68,14.51,6894263,0.8,1.76,1.67,18,19,23,1.68,6.30,4.54,3.27,-7.34,-23.63
AMC,21.12.2018,14.47,14.79,12.31,12.34,6730215,0.8,2.48,1.71,18,18,26,-14.96,-13.52,-9.60,-11.10,-12.17,-21.20
AMC,28.12.2018,12.28,12.76,11.66,12.42,5881242,0.7,1.10,1.68,19,17,27,0.65,-14.40,-12.96,-9.01,-10.52,-11.60
AMC,04.01.2019,12.50,13.69,11.90,13.54,5040216,0.6,1.79,1.69,18,19,25,9.02,9.72,-6.69,-5.12,-0.81,-2.45
AMC,11.01.2019,13.55,14.75,13.37,14.03,5241007,0.6,1.38,1.67,18,21,24,3.62,12.96,13.70,-3.31,-1.68,2.78
AMC,18.01.2019,13.98,14.60,13.80,14.46,4803017,0.6,0.79,1.63,17,21,24,3.06,6.79,16.43,17.18,-0.34,1.33
AMC,25.01.2019,14.01,14.50,13.40,14.01,4442115,0.5,1.10,1.61,17,20,24,-3.11,-0.14,3.47,12.80,13.53,-3.45
AMC,01.02.2019,13.97,14.69,13.88,14.19,4030560,0.5,0.81,1.57,16,20,24,1.28,-1.87,1.14,4.80,14.25,14.99
AMC,08.02.2019,14.17,14.59,13.22,13.72,5192620,0.6,1.37,1.56,16,19,25,-3.31,-2.07,-5.12,-2.21,1.33,10.47
AMC,15.02.2019,13.74,14.14,12.82,13.79,7704826,1.0,1.32,1.55,16,19,25,0.51,-2.82,-1.57,-4.63,-1.71,1.85
AMC,22.02.2019,13.72,14.32,13.18,13.87,5555893,0.7,1.14,1.53,16,19,24,0.58,1.09,-2.26,-1.00,-4.08,-1.14
AMC,01.03.2019,14.02,16.50,13.08,16.00,16911592,2.1,3.42,1.62,15,23,22,15.36,16.03,16.62,12.76,14.20,10.65
AMC,08.03.2019,16.11,16.15,14.36,14.72,9162240,1.1,1.79,1.63,15,22,20,-8.00,6.13,6.74,7.29,3.74,5.07
AMC,15.03.2019,14.77,15.04,14.15,14.50,6514946,0.8,0.89,1.59,14,21,21,-1.49,-9.38,4.54,5.15,5.69,2.18
AMC,22.03.2019,14.47,15.59,14.38,15.06,8376683,1.0,1.21,1.57,14,22,20,3.86,2.31,-5.87,8.58,9.21,9.77
AMC,29.03.2019,15.04,15.60,14.58,14.85,6343079,0.8,1.02,1.55,13,22,19,-1.39,2.41,0.88,-7.19,7.07,7.69
AMC,05.04.2019,14.95,15.14,14.53,14.98,6103227,0.8,0.61,1.50,13,21,19,0.88,-0.53,3.31,1.77,-6.38,8.00
AMC,12.04.2019,15.35,16.80,15.32,16.43,8098651,1.0,1.48,1.52,13,25,18,9.68,10.64,9.10,13.31,11.62,2.69
AMC,18.04.2019,16.44,17.07,15.94,16.05,6704248,0.8,1.13,1.50,13,25,17,-2.31,7.14,8.08,6.57,10.69,9.04
AMC,26.04.2019,15.95,15.95,14.87,15.40,7897834,1.0,1.08,1.48,13,24,20,-4.05,-6.27,2.80,3.70,2.26,6.21
AMC,03.05.2019,15.86,15.96,14.33,14.59,8946861,1.1,1.63,1.49,13,23,21,-5.26,-9.10,-11.20,-2.60,-1.75,-3.12
AMC,10.05.2019,14.39,15.22,13.02,13.82,13000559,1.6,2.20,1.52,12,21,23,-5.28,-10.26,-13.89,-15.89,-7.74,-6.94
AMC,17.05.2019,13.53,13.75,13.06,13.13,9321069,1.1,0.69,1.49,12,21,23,-4.99,-10.01,-14.74,-18.19,-20.09,-12.35
AMC,24.05.2019,13.19,13.33,12.65,12.69,8000557,1.0,0.68,1.45,12,20,24,-3.35,-8.18,-13.02,-17.60,-20.93,-22.76
AMC,31.05.2019,12.69,12.81,11.71,11.98,6343916,0.8,1.10,1.43,12,20,26,-5.59,-8.76,-13.31,-17.89,-22.21,-25.36
AMC,07.06.2019,11.94,12.08,10.70,10.75,13561298,1.6,1.38,1.43,12,19,28,-10.27,-15.29,-18.13,-22.21,-26.32,-30.19
AMC,14.06.2019,10.81,11.18,10.63,10.96,10140150,1.2,0.55,1.39,13,18,28,1.95,-8.51,-13.63,-16.53,-20.69,-24.88
AMC,21.06.2019,10.98,11.68,10.31,10.60,10407598,1.2,1.37,1.39,13,19,26,-3.28,-1.40,-11.52,-16.47,-19.27,-23.30
AMC,28.06.2019,10.64,10.66,9.28,9.33,14070608,1.6,1.38,1.39,13,18,29,-11.98,-14.87,-13.21,-22.12,-26.48,-28.94
AMC,05.07.2019,9.85,9.90,9.00,9.40,10081892,1.2,0.90,1.36,14,18,29,0.75,-11.32,-14.23,-12.56,-21.54,-25.93
AMC,12.07.2019,9.34,9.61,8.73,9.46,14559722,1.7,0.88,1.34,14,17,29,0.64,1.39,-10.75,-13.69,-12.00,-21.04
AMC,19.07.2019,9.39,11.04,9.06,10.54,19319046,2.1,1.98,1.37,14,21,27,11.42,12.13,12.97,-0.57,-3.83,-1.95
AMC,26.07.2019,10.64,11.30,10.07,11.25,15719470,1.7,1.23,1.36,14,21,26,6.74,18.92,19.68,20.58,6.13,2.65
AMC,02.08.2019,11.30,11.98,10.93,11.62,15815466,1.7,1.05,1.35,14,23,25,3.29,10.25,22.83,23.62,24.54,9.62
AMC,09.08.2019,11.43,12.49,10.89,12.18,19857440,2.1,1.60,1.36,13,23,23,4.82,8.27,15.56,28.75,29.57,30.55
AMC,16.08.2019,12.12,12.40,10.46,11.15,13459610,1.4,1.94,1.39,13,22,23,-8.46,-4.04,-0.89,5.79,17.86,18.62
AMC,23.08.2019,11.40,11.64,10.87,11.01,9721715,1.0,0.77,1.36,12,21,23,-1.26,-9.61,-5.25,-2.13,4.46,16.38
AMC,30.08.2019,11.12,11.50,10.61,11.11,8849392,0.9,0.89,1.34,12,20,23,0.91,-0.36,-8.78,-4.39,-1.24,5.41
AMC,06.09.2019,11.19,12.06,10.97,11.52,8550159,0.9,1.09,1.33,11,22,22,3.69,4.63,3.32,-5.42,-0.86,2.40
AMC,13.09.2019,11.57,11.98,11.36,11.96,8620493,0.9,0.62,1.29,11,21,21,3.82,7.65,8.63,7.26,-1.81,2.93
AMC,20.09.2019,11.85,12.13,10.62,10.85,10701160,1.1,1.51,1.30,11,20,23,-9.28,-5.82,-2.34,-1.45,-2.69,-10.92
AMC,27.09.2019,10.80,11.14,10.44,10.78,8599338,0.9,0.70,1.27,11,19,23,-0.65,-9.87,-6.42,-2.97,-2.09,-3.32
AMC,04.10.2019,10.82,10.97,9.65,9.82,10090983,1.1,1.32,1.28,11,18,25,-8.91,-9.49,-17.89,-14.76,-11.61,-10.81
AMC,11.10.2019,9.72,9.95,9.05,9.22,12794495,1.3,0.90,1.26,11,18,26,-6.11,-14.47,-15.02,-22.91,-19.97,-17.01
AMC,18.10.2019,9.18,9.55,8.78,9.36,12547024,1.3,0.77,1.23,12,17,27,1.52,-4.68,-13.17,-13.73,-21.74,-18.75
AMC,25.10.2019,9.43,10.14,9.18,9.72,10966858,1.1,0.96,1.22,12,19,26,3.85,5.42,-1.02,-9.83,-10.41,-18.73
AMC,01.11.2019,9.78,10.06,9.20,9.62,9328123,1.0,0.86,1.20,12,18,25,-1.03,2.78,4.34,-2.04,-10.76,-11.34
AMC,08.11.2019,9.74,10.35,9.12,9.62,14125714,1.5,1.23,1.21,12,19,24,0.00,-1.03,2.78,4.34,-2.04,-10.76
AMC,15.11.2019,9.55,9.67,8.54,8.76,17313034,1.8,1.13,1.20,12,18,25,-8.94,-8.94,-9.88,-6.41,-4.99,-10.79
AMC,22.11.2019,8.76,9.05,7.47,7.96,27686508,2.7,1.58,1.22,13,17,27,-9.13,-17.26,-17.26,-18.11,-14.96,-13.67
AMC,29.11.2019,8.08,8.65,7.90,8.18,16495646,1.6,0.75,1.20,13,16,27,2.76,-6.62,-14.97,-14.97,-15.84,-12.61
AMC,06.12.2019,8.24,8.71,7.77,8.05,16477815,1.6,0.94,1.19,14,15,26,-1.59,1.13,-8.11,-16.32,-16.32,-17.18
AMC,13.12.2019,8.03,8.44,7.84,8.22,9836693,0.9,0.60,1.16,15,15,25,2.11,0.49,3.27,-6.16,-14.55,-14.55
AMC,20.12.2019,8.45,8.78,7.66,7.73,22490576,2.1,1.12,1.16,15,16,24,-5.96,-3.98,-5.50,-2.89,-11.76,-19.65
AMC,27.12.2019,7.73,7.75,7.20,7.30,17393904,1.6,0.55,1.13,15,15,26,-5.56,-11.19,-9.32,-10.76,-8.29,-16.67
AMC,03.01.2020,7.31,7.60,7.15,7.32,13399000,1.2,0.45,1.09,16,15,25,0.27,-5.30,-10.95,-9.07,-10.51,-8.04
AMC,10.01.2020,7.25,7.30,6.35,6.47,24709408,2.1,0.95,1.09,17,14,28,-11.61,-11.37,-16.30,-21.29,-19.63,-20.90
AMC,17.01.2020,6.50,7.44,6.42,7.28,15581347,1.3,1.02,1.09,17,14,27,12.52,-0.55,-0.27,-5.82,-11.44,-9.57
AMC,24.01.2020,7.26,7.32,6.60,6.74,8860572,0.7,0.72,1.07,18,14,26,-7.42,4.17,-7.92,-7.67,-12.81,-18.00
AMC,31.01.2020,6.51,6.89,6.25,6.52,10220633,0.9,0.64,1.05,18,14,27,-3.26,-10.44,0.77,-10.93,-10.68,-15.65
AMC,07.02.2020,6.50,7.13,6.39,6.55,10361795,0.9,0.74,1.03,19,14,26,0.46,-2.82,-10.03,1.24,-10.52,-10.27
AMC,14.02.2020,6.55,7.19,6.47,7.10,8110487,0.7,0.72,1.02,19,14,25,8.40,8.90,5.34,-2.47,9.74,-3.01
AMC,21.02.2020,7.09,7.78,7.03,7.46,11136194,0.9,0.75,1.01,19,16,24,5.07,13.89,14.42,10.68,2.47,15.30
AMC,28.02.2020,7.14,7.28,5.12,6.26,28423500,2.3,2.16,1.07,20,15,30,-16.09,-11.83,-4.43,-3.99,-7.12,-14.01
AMC,06.03.2020,6.31,6.32,4.37,4.53,23365114,1.8,1.95,1.11,21,13,31,-27.64,-39.28,-36.20,-30.84,-30.52,-32.79
AMC,13.03.2020,3.95,4.29,2.65,3.22,25387544,1.9,1.64,1.15,22,12,35,-28.92,-48.56,-56.84,-54.65,-50.84,-50.61
AMC,20.03.2020,2.64,3.60,1.95,3.19,38305632,2.8,1.65,1.17,24,12,36,-0.93,-29.58,-49.04,-57.24,-55.07,-51.30
AMC,27.03.2020,3.23,3.98,2.71,3.60,28298180,2.0,1.27,1.18,25,12,34,12.85,11.80,-20.53,-42.49,-51.74,-49.30
AMC,03.04.2020,3.45,3.50,2.00,2.27,30060188,2.1,1.50,1.20,26,12,35,-36.94,-28.84,-29.50,-49.89,-63.74,-69.57
AMC,09.04.2020,2.50,3.73,2.40,2.60,37867872,2.5,1.33,1.21,27,12,33,14.54,-27.78,-18.50,-19.25,-42.60,-58.47
AMC,17.04.2020,2.34,3.85,1.95,3.20,76000728,4.6,1.90,1.24,28,11,32,23.08,40.97,-11.11,0.31,-0.62,-29.36
AMC,24.04.2020,3.22,3.44,3.02,3.05,29119090,1.7,0.42,1.20,29,11,31,-4.69,17.31,34.36,-15.28,-4.39,-5.28
AMC,01.05.2020,3.19,5.53,3.06,4.57,72413096,4.0,2.47,1.26,29,18,29,49.84,42.81,75.77,101.32,26.94,43.26
AMC,08.05.2020,4.11,4.78,3.81,4.10,23929768,1.3,0.97,1.25,28,17,27,-10.28,34.43,28.12,57.69,80.62,13.89
AMC,15.05.2020,6.40,6.41,4.08,4.52,146072272,7.0,2.33,1.30,27,22,25,10.24,-1.09,48.20,41.25,73.85,99.12
AMC,22.05.2020,4.80,4.98,4.50,4.58,21456974,1.0,0.48,1.26,26,21,25,1.33,11.71,0.22,50.16,43.12,76.15
AMC,29.05.2020,4.80,5.68,4.70,5.13,28489808,1.3,0.98,1.25,25,23,24,12.01,13.50,25.12,12.25,68.20,60.31
AMC,05.06.2020,5.03,6.15,5.00,5.91,43958120,2.0,1.15,1.25,24,24,23,15.20,29.04,30.75,44.15,29.32,93.77
AMC,12.06.2020,6.27,7.35,5.00,5.89,47836360,2.1,2.35,1.30,24,26,21,-0.34,14.81,28.60,30.31,43.66,28.88
AMC,19.06.2020,5.42,6.25,5.30,5.52,33241314,1.4,0.95,1.28,23,25,20,-6.28,-6.60,7.60,20.52,22.12,34.63
AMC,26.06.2020,5.48,5.48,4.15,4.18,32068706,1.4,1.33,1.29,22,24,23,-24.28,-29.03,-29.27,-18.52,-8.73,-7.52
AMC,02.07.2020,3.91,4.69,3.75,4.53,21797868,0.9,0.94,1.27,21,23,24,8.37,-17.93,-23.09,-23.35,-11.70,-1.09
AMC,10.07.2020,4.62,4.64,4.08,4.60,21275968,0.9,0.56,1.24,20,23,23,1.55,10.05,-16.67,-21.90,-22.17,-10.33
AMC,17.07.2020,4.76,4.82,4.10,4.27,16689900,0.7,0.72,1.21,19,23,23,-7.17,-5.74,2.15,-22.64,-27.50,-27.75
AMC,24.07.2020,4.21,4.24,3.96,4.00,14020531,0.6,0.28,1.17,18,22,23,-6.32,-13.04,-11.70,-4.31,-27.54,-32.09
AMC,31.07.2020,4.01,4.34,3.81,4.04,20988406,0.9,0.53,1.14,18,22,23,1.00,-5.39,-12.17,-10.82,-3.35,-26.81
AMC,07.08.2020,4.05,5.26,3.86,4.75,37678968,1.5,1.40,1.15,17,24,22,17.57,18.75,11.24,3.26,4.86,13.64
AMC,14.08.2020,4.65,5.77,4.35,5.54,48624504,1.9,1.42,1.17,17,25,21,16.63,37.13,38.50,29.74,20.43,22.30
AMC,21.08.2020,5.72,5.85,5.13,5.19,40623432,1.6,0.72,1.14,16,25,20,-6.32,9.26,28.47,29.75,21.55,12.83
AMC,28.08.2020,5.35,7.10,4.94,6.30,60039640,2.3,2.16,1.19,17,27,18,21.39,13.72,32.63,55.94,57.50,47.54
AMC,04.09.2020,6.33,7.71,5.76,7.02,82541264,2.9,1.95,1.23,17,28,17,11.43,35.26,26.71,47.79,73.76,75.50
AMC,11.09.2020,6.76,6.95,5.60,5.79,22990486,0.8,1.35,1.24,17,26,16,-17.52,-8.10,11.56,4.51,21.89,43.32
AMC,18.09.2020,5.84,5.88,5.42,5.67,19176342,0.7,0.45,1.20,17,26,17,-2.07,-19.23,-10.00,9.25,2.35,19.37
AMC,25.09.2020,5.42,5.48,4.36,4.88,17883488,0.6,1.12,1.21,17,24,20,-13.93,-15.72,-30.48,-22.54,-5.97,-11.91
AMC,02.10.2020,5.04,5.04,4.42,4.65,16513529,0.6,0.62,1.18,17,24,20,-4.71,-17.99,-19.69,-33.76,-26.19,-10.40
AMC,09.10.2020,4.30,4.36,3.94,4.05,37680568,1.3,0.42,1.16,16,23,21,-12.90,-17.01,-28.57,-30.05,-42.31,-35.71
AMC,16.10.2020,4.03,4.09,2.66,3.04,73546080,2.4,1.43,1.17,16,22,25,-24.94,-34.62,-37.70,-46.38,-47.50,-56.70
AMC,23.10.2020,3.31,3.88,2.84,2.97,82615712,2.6,1.04,1.16,15,21,24,-2.30,-26.67,-36.13,-39.14,-47.62,-48.70
AMC,30.10.2020,2.92,2.93,2.28,2.36,49883700,1.5,0.65,1.14,15,20,26,-20.54,-22.37,-41.73,-49.25,-51.64,-58.38
AMC,06.11.2020,2.30,2.62,2.11,2.49,51336824,1.5,0.51,1.11,15,20,26,5.51,-16.16,-18.09,-38.52,-46.45,-48.98
AMC,13.11.2020,4.27,4.39,2.78,2.97,235994240,6.3,1.61,1.15,14,26,24,19.28,25.85,0.00,-2.30,-26.67,-36.13
AMC,20.11.2020,3.39,3.39,2.90,3.35,132879808,3.4,0.49,1.12,14,25,23,12.79,34.54,41.95,12.79,10.20,-17.28
AMC,27.11.2020,3.51,5.00,3.41,4.45,127143864,3.1,1.59,1.14,14,30,22,32.84,49.83,78.71,88.56,49.83,46.38
AMC,04.12.2020,4.41,4.45,3.30,3.51,139934272,3.2,1.15,1.14,14,29,21,-21.12,4.78,18.18,40.96,48.73,18.18
AMC,11.12.2020,3.45,4.33,3.33,3.92,113208904,2.5,1.00,1.14,14,27,20,11.68,-11.91,17.01,31.99,57.43,66.10
AMC,18.12.2020,4.01,4.01,2.72,2.80,192755280,3.9,1.29,1.14,14,26,22,-28.57,-20.23,-37.08,-16.42,-5.72,12.45
AMC,24.12.2020,2.61,2.75,2.48,2.51,71205360,1.4,0.27,1.10,14,26,22,-10.36,-35.97,-28.49,-43.60,-25.07,-15.49
AMC,31.12.2020,2.63,2.63,2.08,2.12,113541536,2.2,0.55,1.08,13,25,24,-15.54,-24.29,-45.92,-39.60,-52.36,-36.72
AMC,08.01.2021,2.20,2.23,1.91,2.14,191089280,3.4,0.32,1.04,12,25,24,0.94,-14.74,-23.57,-45.41,-39.03,-51.91
AMC,15.01.2021,2.16,2.55,2.13,2.33,341323008,5.5,0.42,1.01,12,26,24,8.88,9.91,-7.17,-16.79,-40.56,-33.62
AMC,22.01.2021,2.80,3.74,2.57,3.51,771235456,10.1,1.17,1.03,12,29,22,50.64,64.02,65.57,39.84,25.36,-10.46
AMC,29.01.2021,4.71,20.36,3.85,13.26,3346759168,23.8,16.51,1.78,15,61,12,277.78,469.10,519.63,525.47,428.29,373.57
AMC,05.02.2021,17.00,17.25,6.00,6.83,1478872320,8.8,11.25,2.23,17,46,9,-48.49,94.59,193.13,219.16,222.17,172.11
AMC,12.02.2021,6.88,6.89,5.26,5.59,486848256,2.7,1.63,2.21,19,44,11,-18.16,-57.84,59.26,139.91,161.21,163.68
AMC,19.02.2021,6.03,6.25,5.32,5.70,270804704,1.5,0.93,2.15,21,44,10,1.97,-16.54,-57.01,62.39,144.64,166.36
AMC,26.02.2021,5.93,11.00,5.75,8.01,1397912576,6.7,5.25,2.30,24,49,9,40.53,43.29,17.28,-39.59,128.21,243.78
AMC,05.03.2021,8.86,9.44,7.50,8.05,414930560,1.9,1.94,2.28,26,47,9,0.50,41.23,44.01,17.86,-39.29,129.34
AMC,12.03.2021,8.53,12.47,8.31,11.16,721758336,3.1,4.16,2.38,28,49,8,38.63,39.33,95.79,99.64,63.40,-15.84
AMC,19.03.2021,12.18,14.54,11.85,13.93,758408704,3.1,2.69,2.43,30,49,7,24.82,73.04,73.91,144.39,149.19,103.95
AMC,26.03.2021,13.15,13.19,8.93,10.24,474362624,1.9,4.26,2.55,31,45,12,-26.49,-8.24,27.20,27.84,79.65,83.18
AMC,01.04.2021,10.32,10.76,9.15,9.36,183657440,0.7,1.61,2.51,33,43,12,-8.59,-32.81,-16.13,16.27,16.85,64.21
AMC,09.04.2021,10.10,11.25,9.24,9.42,231616864,0.9,2.01,2.48,34,43,11,0.64,-8.01,-32.38,-15.59,17.02,17.60
AMC,16.04.2021,9.44,10.23,8.31,9.33,232380864,0.9,1.92,2.46,35,41,13,-0.96,-0.32,-8.89,-33.02,-16.40,15.90
AMC,23.04.2021,9.48,10.65,9.01,10.16,160940176,0.6,1.64,2.42,36,41,12,8.90,7.86,8.55,-0.78,-27.06,-8.96
AMC,30.04.2021,10.69,12.22,9.88,10.03,235467120,0.9,2.34,2.41,37,42,12,-1.28,7.50,6.48,7.16,-2.05,-28.00
AMC,07.05.2021,10.11,10.12,8.93,9.51,171913568,0.6,1.19,2.35,37,41,13,-5.18,-6.40,1.93,0.96,1.60,-7.13
AMC,14.05.2021,9.90,14.34,9.56,12.98,649154624,2.3,4.77,2.47,38,45,12,36.49,29.41,27.76,39.12,37.79,38.68
AMC,21.05.2021,13.67,14.67,12.03,12.08,535803072,1.8,2.64,2.48,39,43,12,-6.93,27.02,20.44,18.90,29.47,28.24
AMC,28.05.2021,12.38,36.72,12.17,26.12,2072196608,6.3,24.55,3.54,41,59,8,116.23,101.23,174.66,160.42,157.09,179.96
AMC,04.06.2021,31.89,72.62,28.53,47.91,2211009536,6.0,44.09,5.58,43,66,5,83.42,296.61,269.11,403.79,377.67,371.56
AMC,11.06.2021,52.38,60.62,39.71,49.40,1156813696,2.9,20.91,6.31,45,56,4,3.11,89.13,308.94,280.59,419.45,392.52
AMC,18.06.2021,51.83,64.96,51.52,59.26,1300721920,3.1,13.44,6.75,47,53,3,19.96,23.69,126.88,390.56,356.55,523.13
AMC,25.06.2021,61.30,63.01,51.05,54.06,640607232,1.5,11.96,7.00,49,48,4,-8.77,9.43,12.84,106.97,347.52,316.49
AMC,02.07.2021,55.12,61.00,47.77,51.96,375842816,0.9,13.23,7.30,50,44,5,-3.88,-12.32,5.18,8.45,98.93,330.13
AMC,09.07.2021,53.46,55.07,38.76,46.19,366262336,0.8,16.31,7.73,51,40,10,-11.10,-14.56,-22.06,-6.50,-3.59,76.84
AMC,16.07.2021,44.49,46.55,32.14,34.96,623303936,1.4,14.41,8.04,51,36,13,-24.31,-32.72,-35.33,-41.01,-29.23,-27.03
AMC,23.07.2021,32.90,46.55,31.15,36.99,626687040,1.3,15.40,8.39,50,33,13,5.81,-19.92,-28.81,-31.58,-37.58,-25.12
AMC,30.07.2021,38.31,40.85,36.08,37.02,340980832,0.7,4.77,8.22,50,32,12,0.08,5.89,-19.85,-28.75,-31.52,-37.53
AMC,06.08.2021,37.52,38.48,28.91,32.70,374387648,0.8,9.57,8.29,49,30,16,-11.67,-11.60,-6.46,-29.21,-37.07,-39.51
AMC,13.08.2021,32.70,37.16,29.40,33.47,402541632,0.8,7.76,8.26,48,29,15,2.35,-9.59,-9.52,-4.26,-27.54,-35.59
AMC,20.08.2021,33.83,38.78,32.20,34.41,339399008,0.7,6.58,8.18,48,29,15,2.81,5.23,-7.05,-6.97,-1.57,-25.50
AMC,27.08.2021,35.01,48.30,34.40,40.84,704378304,1.4,13.90,8.45,47,32,13,18.69,22.02,24.89,10.32,10.41,16.82
AMC,03.09.2021,41.67,47.85,41.28,44.02,445371872,0.9,6.57,8.38,47,31,13,7.79,27.93,31.52,34.62,18.91,19.01
AMC,10.09.2021,45.03,51.70,44.88,50.16,382240192,0.7,6.82,8.35,47,32,12,13.95,22.82,45.77,49.87,53.39,35.49
AMC,17.09.2021,51.79,52.79,43.77,44.20,349370176,0.7,9.02,8.38,47,30,12,-11.88,0.41,8.23,28.45,32.06,35.17
AMC,24.09.2021,41.91,43.33,37.65,40.01,266877312,0.5,5.68,8.30,46,29,15,-9.48,-20.24,-9.11,-2.03,16.27,19.54
AMC,01.10.2021,40.09,41.78,33.74,38.46,288720256,0.5,8.04,8.28,45,28,17,-3.87,-12.99,-23.33,-12.63,-5.83,11.77
AMC,08.10.2021,38.24,39.43,35.64,37.19,183784064,0.3,3.79,8.07,44,27,17,-3.30,-7.05,-15.86,-25.86,-15.52,-8.94
AMC,15.10.2021,37.07,41.79,36.12,40.74,215431968,0.4,5.67,7.95,43,27,16,9.55,5.93,1.82,-7.83,-18.78,-7.45
AMC,22.10.2021,40.71,44.44,35.96,36.60,218277712,0.4,8.48,7.98,42,28,15,-10.16,-1.59,-4.84,-8.52,-17.19,-27.03
AMC,29.10.2021,35.18,37.85,34.53,35.37,143724096,0.3,3.32,7.76,41,27,16,-3.36,-13.18,-4.89,-8.03,-11.60,-19.98
AMC,04.11.2021,36.30,44.21,35.39,41.05,164879280,0.3,8.82,7.81,41,29,15,16.06,12.16,0.76,10.38,6.73,2.60
